,Model,Score
0,Ridge,0.8600328521118612
1,SVR,0.8598669735592857
2,Lasso,0.85909647666197
3,Gradient Boosting Regression,0.8493961016530449
4,CatBoost Regression,0.8367879673081114
5,Ada Boost Regression,0.8358142859186348
6,Random Forest Regression,0.7986346923511952
7,KNN,0.5440680930722781
8,Decision Tree Regression,0.5033790459413374
9,XGBoost Regression,0.277973631763649
10,Linear Regression,-1.189064203371996e+23
